{"evid_line_number_dist": {"0": 107, "1": 44, "2": 25, "3": 16, "4": 10, "5": 11, "6": 5, "7": 2, "8": 2, "9": 2, "10": 6, "11": 2, "15": 1, "17": 1, "20": 2}, "claim_length_stats": {"9.125": {"acc": 0.75, "f1_weighted": 0.7604166666666666, "f1_macro": 0.7395833333333333}, "14.25": {"acc": 0.7083333333333334, "f1_weighted": 0.740234375, "f1_macro": 0.671875}, "19.375": {"acc": 0.6764705882352942, "f1_weighted": 0.706265389876881, "f1_macro": 0.652093023255814}, "24.5": {"acc": 0.7391304347826086, "f1_weighted": 0.7705745341614907, "f1_macro": 0.6919642857142857}, "29.625": {"acc": 1.0, "f1_weighted": 1.0, "f1_macro": 1.0}, "34.75": {"acc": 0.875, "f1_weighted": 0.876984126984127, "f1_macro": 0.873015873015873}, "39.875": {"acc": 1.0, "f1_weighted": 1.0, "f1_macro": 1.0}, "45.0": {"acc": 1.0, "f1_weighted": 1.0, "f1_macro": 1.0}}, "avg_sent_0_selected": 0.4533898305084746, "avg_in_intro": 1.0, "in_intro": 197, "avg_wikipedia": 0.8347457627118644, "total_wikipedia": 197, "avg_wiktionary": 0.1652542372881356, "total_wiktionary": 39}