{"evid_line_number_dist": {"0": 150, "1": 75, "2": 52, "3": 28, "4": 25, "5": 16, "6": 12, "7": 10, "8": 6, "9": 2, "10": 6, "11": 3, "12": 2, "13": 2, "14": 1, "21": 1}, "claim_length_stats": {"9.125": {"acc": 0.775, "f1_weighted": 0.7785714285714286, "f1_macro": 0.7714285714285715}, "14.25": {"acc": 0.75, "f1_weighted": 0.7638888888888888, "f1_macro": 0.7333333333333334}, "19.375": {"acc": 0.7352941176470589, "f1_weighted": 0.7434857232017476, "f1_macro": 0.7294429708222812}, "24.5": {"acc": 0.7391304347826086, "f1_weighted": 0.7391304347826086, "f1_macro": 0.7346153846153847}, "29.625": {"acc": 1.0, "f1_weighted": 1.0, "f1_macro": 1.0}, "34.75": {"acc": 0.875, "f1_weighted": 0.876984126984127, "f1_macro": 0.873015873015873}, "39.875": {"acc": 0.5, "f1_weighted": 0.6666666666666666, "f1_macro": 0.3333333333333333}, "45.0": {"acc": 1.0, "f1_weighted": 1.0, "f1_macro": 1.0}}, "avg_sent_0_selected": 0.3836317135549872, "avg_in_intro": 1.0, "in_intro": 337, "avg_wikipedia": 0.8618925831202046, "total_wikipedia": 337, "avg_wiktionary": 0.13810741687979539, "total_wiktionary": 54}{"evid_line_number_dist": {"0": 131, "1": 72, "2": 56, "3": 33, "4": 29, "5": 16, "6": 15, "7": 11, "8": 7, "9": 3, "10": 7, "11": 4, "12": 2, "13": 2, "14": 1, "21": 1}, "claim_length_stats": {"9.125": {"acc": 0.775, "f1_weighted": 0.7785714285714286, "f1_macro": 0.7714285714285715}, "14.25": {"acc": 0.7291666666666666, "f1_weighted": 0.7473067915690866, "f1_macro": 0.7077283372365339}, "19.375": {"acc": 0.7647058823529411, "f1_weighted": 0.7696594427244582, "f1_macro": 0.7614035087719297}, "24.5": {"acc": 0.6956521739130435, "f1_weighted": 0.6980252563776592, "f1_macro": 0.6861598440545809}, "29.625": {"acc": 0.8571428571428571, "f1_weighted": 0.8507936507936508, "f1_macro": 0.8444444444444444}, "34.75": {"acc": 0.875, "f1_weighted": 0.876984126984127, "f1_macro": 0.873015873015873}, "39.875": {"acc": 0.5, "f1_weighted": 0.6666666666666666, "f1_macro": 0.3333333333333333}, "45.0": {"acc": 0.6666666666666666, "f1_weighted": 0.8000000000000002, "f1_macro": 0.4}}, "avg_sent_0_selected": 0.33589743589743587, "avg_in_intro": 1.0, "in_intro": 390, "avg_wikipedia": 1.0, "total_wikipedia": 390, "avg_wiktionary": 0.0, "total_wiktionary": 0}