{"evid_line_number_dist": {"0": 407, "1": 339, "2": 157, "3": 52, "4": 26, "5": 16, "6": 14, "7": 13, "8": 3, "9": 9, "10": 3, "11": 5, "12": 2, "13": 4, "14": 1, "15": 1, "16": 2, "17": 2, "18": 2, "19": 1, "20": 1, "22": 2, "23": 1, "25": 2, "26": 2, "54": 1, "57": 1}, "claim_length_stats": {"5.4": {"acc": 0.6265060240963856, "f1_weighted": 0.6354862071235763, "f1_macro": 0.5982825917252147}, "7.800000000000001": {"acc": 0.6628571428571428, "f1_weighted": 0.6707198628368801, "f1_macro": 0.6479593576323774}, "10.2": {"acc": 0.7263157894736842, "f1_weighted": 0.7277772247952176, "f1_macro": 0.7252197129825342}, "12.6": {"acc": 0.4883720930232558, "f1_weighted": 0.4753445305770887, "f1_macro": 0.4525462962962963}, "15.0": {"acc": 0.6206896551724138, "f1_weighted": 0.6360463492949882, "f1_macro": 0.5695006747638327}, "17.4": {"acc": 0.7083333333333334, "f1_weighted": 0.754914004914005, "f1_macro": 0.5872235872235873}, "19.799999999999997": {"acc": 0.7857142857142857, "f1_weighted": 0.7959183673469388, "f1_macro": 0.7142857142857142}, "22.2": {"acc": 1.0, "f1_weighted": 1.0, "f1_macro": 1.0}, "24.599999999999998": {"acc": 1.0, "f1_weighted": 1.0, "f1_macro": 1.0}}, "avg_sent_0_selected": 0.3807296538821328, "avg_in_intro": 0.05785123966942149, "in_intro": 7, "avg_wikipedia": 0.11318989710009354, "total_wikipedia": 121, "avg_wiktionary": 0.8868101028999065, "total_wiktionary": 948}{"evid_line_number_dist": {"0": 407, "1": 339, "2": 157, "3": 52, "4": 26, "5": 16, "6": 14, "7": 13, "8": 3, "9": 9, "10": 3, "11": 5, "12": 2, "13": 4, "14": 1, "15": 1, "16": 2, "17": 2, "18": 2, "19": 1, "20": 1, "22": 2, "23": 1, "25": 2, "26": 2, "54": 1, "57": 1}, "claim_length_stats": {"5.4": {"acc": 0.6626506024096386, "f1_weighted": 0.6665780770139381, "f1_macro": 0.6439950980392157}, "7.800000000000001": {"acc": 0.6685714285714286, "f1_weighted": 0.6734204037602096, "f1_macro": 0.6578344120819849}, "10.2": {"acc": 0.7263157894736842, "f1_weighted": 0.7270448849396217, "f1_macro": 0.7258297258297258}, "12.6": {"acc": 0.5348837209302325, "f1_weighted": 0.5276854928017719, "f1_macro": 0.48809523809523814}, "15.0": {"acc": 0.6206896551724138, "f1_weighted": 0.6360463492949882, "f1_macro": 0.5695006747638327}, "17.4": {"acc": 0.7083333333333334, "f1_weighted": 0.754914004914005, "f1_macro": 0.5872235872235873}, "19.799999999999997": {"acc": 0.7857142857142857, "f1_weighted": 0.7959183673469388, "f1_macro": 0.7142857142857142}, "22.2": {"acc": 1.0, "f1_weighted": 1.0, "f1_macro": 1.0}, "24.599999999999998": {"acc": 1.0, "f1_weighted": 1.0, "f1_macro": 1.0}}, "avg_sent_0_selected": 0.3807296538821328, "avg_in_intro": 0.05785123966942149, "in_intro": 7, "avg_wikipedia": 0.11318989710009354, "total_wikipedia": 121, "avg_wiktionary": 0.8868101028999065, "total_wiktionary": 948}