{"evid_line_number_dist": {"0": 396, "1": 321, "2": 158, "3": 56, "4": 20, "5": 19, "6": 10, "7": 6, "8": 5, "9": 6, "10": 4, "11": 2, "12": 3, "14": 2, "15": 1, "16": 1, "17": 1, "18": 3, "21": 2, "22": 1, "23": 1, "24": 1, "25": 1}, "claim_length_stats": {"5.4": {"acc": 0.6626506024096386, "f1_weighted": 0.6761144193632769, "f1_macro": 0.6289910600255428}, "7.800000000000001": {"acc": 0.6857142857142857, "f1_weighted": 0.6956761412575365, "f1_macro": 0.6683893195521102}, "10.2": {"acc": 0.6368421052631579, "f1_weighted": 0.6442639367975965, "f1_macro": 0.6304439746300211}, "12.6": {"acc": 0.5581395348837209, "f1_weighted": 0.5488099297551661, "f1_macro": 0.5208211143695014}, "15.0": {"acc": 0.5517241379310345, "f1_weighted": 0.5563395908223494, "f1_macro": 0.5148005148005148}, "17.4": {"acc": 0.6666666666666666, "f1_weighted": 0.6806722689075629, "f1_macro": 0.5966386554621849}, "19.799999999999997": {"acc": 0.8571428571428571, "f1_weighted": 0.8571428571428571, "f1_macro": 0.825}, "22.2": {"acc": 1.0, "f1_weighted": 1.0, "f1_macro": 1.0}, "24.599999999999998": {"acc": 1.0, "f1_weighted": 1.0, "f1_macro": 1.0}}, "avg_sent_0_selected": 0.38823529411764707, "avg_in_intro": 0.07096774193548387, "in_intro": 11, "avg_wikipedia": 0.15196078431372548, "total_wikipedia": 155, "avg_wiktionary": 0.8480392156862745, "total_wiktionary": 865}{"evid_line_number_dist": {"0": 396, "1": 321, "2": 158, "3": 56, "4": 20, "5": 19, "6": 10, "7": 6, "8": 5, "9": 6, "10": 4, "11": 2, "12": 3, "14": 2, "15": 1, "16": 1, "17": 1, "18": 3, "21": 2, "22": 1, "23": 1, "24": 1, "25": 1}, "claim_length_stats": {"5.4": {"acc": 0.6746987951807228, "f1_weighted": 0.6858290122314062, "f1_macro": 0.6450182163789007}, "7.800000000000001": {"acc": 0.68, "f1_weighted": 0.6894337548103354, "f1_macro": 0.6632765255634965}, "10.2": {"acc": 0.6578947368421053, "f1_weighted": 0.662931481090623, "f1_macro": 0.6536638716733504}, "12.6": {"acc": 0.5581395348837209, "f1_weighted": 0.5488099297551661, "f1_macro": 0.5208211143695014}, "15.0": {"acc": 0.5172413793103449, "f1_weighted": 0.5286751361161525, "f1_macro": 0.46578947368421053}, "17.4": {"acc": 0.6666666666666666, "f1_weighted": 0.6806722689075629, "f1_macro": 0.5966386554621849}, "19.799999999999997": {"acc": 0.8571428571428571, "f1_weighted": 0.8571428571428571, "f1_macro": 0.825}, "22.2": {"acc": 1.0, "f1_weighted": 1.0, "f1_macro": 1.0}, "24.599999999999998": {"acc": 1.0, "f1_weighted": 1.0, "f1_macro": 1.0}}, "avg_sent_0_selected": 0.38823529411764707, "avg_in_intro": 0.07096774193548387, "in_intro": 11, "avg_wikipedia": 0.15196078431372548, "total_wikipedia": 155, "avg_wiktionary": 0.8480392156862745, "total_wiktionary": 865}