{"evid_line_number_dist": {"0": 121, "1": 59, "2": 41, "3": 28, "4": 14, "5": 11, "6": 9, "7": 9, "8": 8, "9": 3, "10": 3, "12": 2, "15": 3, "16": 2}, "claim_length_stats": {"5.5": {"acc": 0.8255813953488372, "f1_weighted": 0.8290326006159074, "f1_macro": 0.821502698215027}, "8.0": {"acc": 0.7435897435897436, "f1_weighted": 0.7466422466422467, "f1_macro": 0.7420634920634921}, "10.5": {"acc": 0.7083333333333334, "f1_weighted": 0.7215668481548699, "f1_macro": 0.6950998185117967}, "13.0": {"acc": 0.0, "f1_weighted": 0.0, "f1_macro": 0.0}, "15.5": {"acc": 0.6666666666666666, "f1_weighted": 0.8000000000000002, "f1_macro": 0.4}, "18.0": {"acc": 0.5, "f1_weighted": 0.6666666666666666, "f1_macro": 0.3333333333333333}, "23.0": {"acc": 0.5, "f1_weighted": 0.6666666666666666, "f1_macro": 0.3333333333333333}}, "avg_sent_0_selected": 0.3865814696485623, "avg_in_intro": 1.0, "in_intro": 313, "avg_wikipedia": 1.0, "total_wikipedia": 313, "avg_wiktionary": 0.0, "total_wiktionary": 0}