{"evid_line_number_dist": {"0": 97, "1": 68, "2": 32, "3": 26, "4": 13, "5": 15, "6": 12, "7": 11, "8": 3, "9": 1, "10": 3, "11": 1, "12": 3, "13": 1, "14": 3, "16": 3, "22": 1}, "claim_length_stats": {"7.777777777777778": {"acc": 0.7391304347826086, "f1_weighted": 0.741106719367589, "f1_macro": 0.7386363636363636}, "11.555555555555555": {"acc": 0.734375, "f1_weighted": 0.7519410977242302, "f1_macro": 0.7087014725568943}, "15.333333333333332": {"acc": 0.6774193548387096, "f1_weighted": 0.6972269383135258, "f1_macro": 0.6600877192982456}, "19.11111111111111": {"acc": 0.7142857142857143, "f1_weighted": 0.7234530175706645, "f1_macro": 0.7005347593582887}, "22.88888888888889": {"acc": 0.5833333333333334, "f1_weighted": 0.594988344988345, "f1_macro": 0.5804195804195804}, "26.666666666666668": {"acc": 0.625, "f1_weighted": 0.6454545454545454, "f1_macro": 0.5636363636363637}, "30.444444444444443": {"acc": 0.7272727272727273, "f1_weighted": 0.7584415584415585, "f1_macro": 0.6857142857142857}, "34.22222222222222": {"acc": 0.8333333333333334, "f1_weighted": 0.8380952380952381, "f1_macro": 0.8285714285714285}, "38.0": {"acc": 0.25, "f1_weighted": 0.4, "f1_macro": 0.2}}, "avg_sent_0_selected": 0.3310580204778157, "avg_in_intro": 1.0, "in_intro": 150, "avg_wikipedia": 0.5119453924914675, "total_wikipedia": 150, "avg_wiktionary": 0.4880546075085324, "total_wiktionary": 143}{"evid_line_number_dist": {"0": 139, "1": 76, "2": 44, "3": 25, "4": 24, "5": 14, "6": 9, "7": 9, "8": 2, "9": 2, "10": 4, "11": 2, "12": 4, "14": 6, "15": 1, "16": 3, "19": 1, "22": 1, "27": 1}, "claim_length_stats": {"7.777777777777778": {"acc": 0.8260869565217391, "f1_weighted": 0.8274044795783927, "f1_macro": 0.8257575757575758}, "11.555555555555555": {"acc": 0.6875, "f1_weighted": 0.7111742424242423, "f1_macro": 0.6536796536796536}, "15.333333333333332": {"acc": 0.5806451612903226, "f1_weighted": 0.6607178110317052, "f1_macro": 0.5067319461444308}, "19.11111111111111": {"acc": 0.7142857142857143, "f1_weighted": 0.7172619047619048, "f1_macro": 0.7083333333333333}, "22.88888888888889": {"acc": 0.625, "f1_weighted": 0.6428571428571429, "f1_macro": 0.6190476190476191}, "26.666666666666668": {"acc": 0.75, "f1_weighted": 0.7916666666666667, "f1_macro": 0.6666666666666667}, "30.444444444444443": {"acc": 0.7272727272727273, "f1_weighted": 0.7584415584415585, "f1_macro": 0.6857142857142857}, "34.22222222222222": {"acc": 0.8333333333333334, "f1_weighted": 0.8380952380952381, "f1_macro": 0.8285714285714285}, "38.0": {"acc": 0.5, "f1_weighted": 0.5, "f1_macro": 0.5}}, "avg_sent_0_selected": 0.3787465940054496, "avg_in_intro": 1.0, "in_intro": 247, "avg_wikipedia": 0.6730245231607629, "total_wikipedia": 247, "avg_wiktionary": 0.32697547683923706, "total_wiktionary": 120}{"evid_line_number_dist": {"0": 127, "1": 65, "2": 41, "3": 21, "4": 22, "5": 14, "6": 7, "7": 8, "8": 3, "9": 3, "10": 4, "11": 2, "12": 3, "14": 3, "16": 3, "22": 1}, "claim_length_stats": {"7.777777777777778": {"acc": 0.7391304347826086, "f1_weighted": 0.7481605351170569, "f1_macro": 0.7346153846153847}, "11.555555555555555": {"acc": 0.640625, "f1_weighted": 0.680018222596019, "f1_macro": 0.5873282870759742}, "15.333333333333332": {"acc": 0.5161290322580645, "f1_weighted": 0.6489563567362429, "f1_macro": 0.39215686274509803}, "19.11111111111111": {"acc": 0.75, "f1_weighted": 0.7619047619047619, "f1_macro": 0.7333333333333334}, "22.88888888888889": {"acc": 0.625, "f1_weighted": 0.6428571428571429, "f1_macro": 0.6190476190476191}, "26.666666666666668": {"acc": 0.75, "f1_weighted": 0.7916666666666667, "f1_macro": 0.6666666666666667}, "30.444444444444443": {"acc": 0.7272727272727273, "f1_weighted": 0.7584415584415585, "f1_macro": 0.6857142857142857}, "34.22222222222222": {"acc": 0.8333333333333334, "f1_weighted": 0.8380952380952381, "f1_macro": 0.8285714285714285}, "38.0": {"acc": 0.5, "f1_weighted": 0.5, "f1_macro": 0.5}}, "avg_sent_0_selected": 0.38837920489296635, "avg_in_intro": 1.0, "in_intro": 327, "avg_wikipedia": 1.0, "total_wikipedia": 327, "avg_wiktionary": 0.0, "total_wiktionary": 0}