{"evid_line_number_dist": {"0": 97, "1": 68, "2": 32, "3": 26, "4": 13, "5": 15, "6": 12, "7": 11, "8": 3, "9": 1, "10": 3, "11": 1, "12": 3, "13": 1, "14": 3, "16": 3, "22": 1}, "claim_length_stats": {"7.777777777777778": {"acc": 0.7391304347826086, "f1_weighted": 0.741106719367589, "f1_macro": 0.7386363636363636}, "11.555555555555555": {"acc": 0.734375, "f1_weighted": 0.7519410977242302, "f1_macro": 0.7087014725568943}, "15.333333333333332": {"acc": 0.6774193548387096, "f1_weighted": 0.6972269383135258, "f1_macro": 0.6600877192982456}, "19.11111111111111": {"acc": 0.7142857142857143, "f1_weighted": 0.7234530175706645, "f1_macro": 0.7005347593582887}, "22.88888888888889": {"acc": 0.5833333333333334, "f1_weighted": 0.594988344988345, "f1_macro": 0.5804195804195804}, "26.666666666666668": {"acc": 0.625, "f1_weighted": 0.6454545454545454, "f1_macro": 0.5636363636363637}, "30.444444444444443": {"acc": 0.7272727272727273, "f1_weighted": 0.7584415584415585, "f1_macro": 0.6857142857142857}, "34.22222222222222": {"acc": 0.8333333333333334, "f1_weighted": 0.8380952380952381, "f1_macro": 0.8285714285714285}, "38.0": {"acc": 0.25, "f1_weighted": 0.4, "f1_macro": 0.2}}, "avg_sent_0_selected": 0.3310580204778157, "avg_in_intro": 1.0, "in_intro": 150, "avg_wikipedia": 0.5119453924914675, "total_wikipedia": 150, "avg_wiktionary": 0.4880546075085324, "total_wiktionary": 143}