{"evid_line_number_dist": {"0": 72, "1": 64, "2": 27, "3": 22, "4": 9, "5": 8, "6": 9, "7": 6, "8": 3, "9": 2, "10": 2, "12": 2, "13": 1, "14": 2, "15": 2, "16": 2, "17": 2, "18": 3, "19": 1, "21": 1, "22": 2, "25": 1, "47": 2, "48": 1}, "claim_length_stats": {"7.777777777777778": {"acc": 0.782608695652174, "f1_weighted": 0.7867494824016563, "f1_macro": 0.780952380952381}, "11.555555555555555": {"acc": 0.703125, "f1_weighted": 0.7356672273619288, "f1_macro": 0.6590972806279787}, "15.333333333333332": {"acc": 0.5806451612903226, "f1_weighted": 0.634221273088307, "f1_macro": 0.5319396051103369}, "19.11111111111111": {"acc": 0.7142857142857143, "f1_weighted": 0.7333333333333333, "f1_macro": 0.6888888888888889}, "22.88888888888889": {"acc": 0.5833333333333334, "f1_weighted": 0.6130952380952381, "f1_macro": 0.5714285714285714}, "26.666666666666668": {"acc": 0.75, "f1_weighted": 0.7916666666666667, "f1_macro": 0.6666666666666667}, "30.444444444444443": {"acc": 0.7272727272727273, "f1_weighted": 0.7584415584415585, "f1_macro": 0.6857142857142857}, "34.22222222222222": {"acc": 0.6666666666666666, "f1_weighted": 0.7083333333333334, "f1_macro": 0.625}, "38.0": {"acc": 0.5, "f1_weighted": 0.5, "f1_macro": 0.5}}, "avg_sent_0_selected": 0.2926829268292683, "avg_in_intro": 1.0, "in_intro": 133, "avg_wikipedia": 0.540650406504065, "total_wikipedia": 133, "avg_wiktionary": 0.45934959349593496, "total_wiktionary": 113}